aadhaar,selfie
FILES/AADHAR/AADHAR001.jpg,FILES/SELFIE/USER_01.jpg
FILES/AADHAR/AADHAR001.jpg,FILES/SELFIE/USER_02.jpg
FILES/AADHAR/AADHAR001.jpg,FILES/SELFIE/USER_03.jpg
FILES/AADHAR/AADHAR001.jpg,FILES/SELFIE/USER_04.jpg
FILES/AADHAR/AADHAR001.jpg,FILES/SELFIE/USER_05.jpg
FILES/AADHAR/AADHAR001.jpg,FILES/SELFIE/USER_06.jpg
FILES/AADHAR/AADHAR001.jpg,FILES/SELFIE/USER_07.jpg
FILES/AADHAR/AADHAR001.jpg,FILES/SELFIE/USER_08.jpg
FILES/AADHAR/AADHAR001.jpg,FILES/SELFIE/USER_09.jpg
FILES/AADHAR/AADHAR001.jpg,FILES/SELFIE/USER_10.jpg
FILES/AADHAR/AADHAR02.jpg,FILES/SELFIE/USER_01.jpg
FILES/AADHAR/AADHAR02.jpg,FILES/SELFIE/USER_02.jpg
FILES/AADHAR/AADHAR02.jpg,FILES/SELFIE/USER_03.jpg
FILES/AADHAR/AADHAR02.jpg,FILES/SELFIE/USER_04.jpg
FILES/AADHAR/AADHAR02.jpg,FILES/SELFIE/USER_05.jpg
FILES/AADHAR/AADHAR02.jpg,FILES/SELFIE/USER_06.jpg
FILES/AADHAR/AADHAR02.jpg,FILES/SELFIE/USER_07.jpg
FILES/AADHAR/AADHAR02.jpg,FILES/SELFIE/USER_08.jpg
FILES/AADHAR/AADHAR02.jpg,FILES/SELFIE/USER_09.jpg
FILES/AADHAR/AADHAR02.jpg,FILES/SELFIE/USER_10.jpg
FILES/AADHAR/AADHAR03.jpg,FILES/SELFIE/USER_01.jpg
FILES/AADHAR/AADHAR03.jpg,FILES/SELFIE/USER_02.jpg
FILES/AADHAR/AADHAR03.jpg,FILES/SELFIE/USER_03.jpg
FILES/AADHAR/AADHAR03.jpg,FILES/SELFIE/USER_04.jpg
FILES/AADHAR/AADHAR03.jpg,FILES/SELFIE/USER_05.jpg
FILES/AADHAR/AADHAR03.jpg,FILES/SELFIE/USER_06.jpg
FILES/AADHAR/AADHAR03.jpg,FILES/SELFIE/USER_07.jpg
FILES/AADHAR/AADHAR03.jpg,FILES/SELFIE/USER_08.jpg
FILES/AADHAR/AADHAR03.jpg,FILES/SELFIE/USER_09.jpg
FILES/AADHAR/AADHAR03.jpg,FILES/SELFIE/USER_10.jpg
FILES/AADHAR/AADHAR04.jpg,FILES/SELFIE/USER_01.jpg
FILES/AADHAR/AADHAR04.jpg,FILES/SELFIE/USER_02.jpg
FILES/AADHAR/AADHAR04.jpg,FILES/SELFIE/USER_03.jpg
FILES/AADHAR/AADHAR04.jpg,FILES/SELFIE/USER_04.jpg
FILES/AADHAR/AADHAR04.jpg,FILES/SELFIE/USER_05.jpg
FILES/AADHAR/AADHAR04.jpg,FILES/SELFIE/USER_06.jpg
FILES/AADHAR/AADHAR04.jpg,FILES/SELFIE/USER_07.jpg
FILES/AADHAR/AADHAR04.jpg,FILES/SELFIE/USER_08.jpg
FILES/AADHAR/AADHAR04.jpg,FILES/SELFIE/USER_09.jpg
FILES/AADHAR/AADHAR04.jpg,FILES/SELFIE/USER_10.jpg
FILES/AADHAR/AADHAR05.pdf,FILES/SELFIE/USER_01.jpg
FILES/AADHAR/AADHAR05.pdf,FILES/SELFIE/USER_02.jpg
FILES/AADHAR/AADHAR05.pdf,FILES/SELFIE/USER_03.jpg
FILES/AADHAR/AADHAR05.pdf,FILES/SELFIE/USER_04.jpg
FILES/AADHAR/AADHAR05.pdf,FILES/SELFIE/USER_05.jpg
FILES/AADHAR/AADHAR05.pdf,FILES/SELFIE/USER_06.jpg
FILES/AADHAR/AADHAR05.pdf,FILES/SELFIE/USER_07.jpg
FILES/AADHAR/AADHAR05.pdf,FILES/SELFIE/USER_08.jpg
FILES/AADHAR/AADHAR05.pdf,FILES/SELFIE/USER_09.jpg
FILES/AADHAR/AADHAR05.pdf,FILES/SELFIE/USER_10.jpg
FILES/AADHAR/AADHAR06.pdf,FILES/SELFIE/USER_01.jpg
FILES/AADHAR/AADHAR06.pdf,FILES/SELFIE/USER_02.jpg
FILES/AADHAR/AADHAR06.pdf,FILES/SELFIE/USER_03.jpg
FILES/AADHAR/AADHAR06.pdf,FILES/SELFIE/USER_04.jpg
FILES/AADHAR/AADHAR06.pdf,FILES/SELFIE/USER_05.jpg
FILES/AADHAR/AADHAR06.pdf,FILES/SELFIE/USER_06.jpg
FILES/AADHAR/AADHAR06.pdf,FILES/SELFIE/USER_07.jpg
FILES/AADHAR/AADHAR06.pdf,FILES/SELFIE/USER_08.jpg
FILES/AADHAR/AADHAR06.pdf,FILES/SELFIE/USER_09.jpg
FILES/AADHAR/AADHAR06.pdf,FILES/SELFIE/USER_10.jpg
FILES/AADHAR/AADHAR07.pdf,FILES/SELFIE/USER_01.jpg
FILES/AADHAR/AADHAR07.pdf,FILES/SELFIE/USER_02.jpg
FILES/AADHAR/AADHAR07.pdf,FILES/SELFIE/USER_03.jpg
FILES/AADHAR/AADHAR07.pdf,FILES/SELFIE/USER_04.jpg
FILES/AADHAR/AADHAR07.pdf,FILES/SELFIE/USER_05.jpg
FILES/AADHAR/AADHAR07.pdf,FILES/SELFIE/USER_06.jpg
FILES/AADHAR/AADHAR07.pdf,FILES/SELFIE/USER_07.jpg
FILES/AADHAR/AADHAR07.pdf,FILES/SELFIE/USER_08.jpg
FILES/AADHAR/AADHAR07.pdf,FILES/SELFIE/USER_09.jpg
FILES/AADHAR/AADHAR07.pdf,FILES/SELFIE/USER_10.jpg
FILES/AADHAR/AADHAR08.pdf,FILES/SELFIE/USER_01.jpg
FILES/AADHAR/AADHAR08.pdf,FILES/SELFIE/USER_02.jpg
FILES/AADHAR/AADHAR08.pdf,FILES/SELFIE/USER_03.jpg
FILES/AADHAR/AADHAR08.pdf,FILES/SELFIE/USER_04.jpg
FILES/AADHAR/AADHAR08.pdf,FILES/SELFIE/USER_05.jpg
FILES/AADHAR/AADHAR08.pdf,FILES/SELFIE/USER_06.jpg
FILES/AADHAR/AADHAR08.pdf,FILES/SELFIE/USER_07.jpg
FILES/AADHAR/AADHAR08.pdf,FILES/SELFIE/USER_08.jpg
FILES/AADHAR/AADHAR08.pdf,FILES/SELFIE/USER_09.jpg
FILES/AADHAR/AADHAR08.pdf,FILES/SELFIE/USER_10.jpg
FILES/AADHAR/AADHAR09.pdf,FILES/SELFIE/USER_01.jpg
FILES/AADHAR/AADHAR09.pdf,FILES/SELFIE/USER_02.jpg
FILES/AADHAR/AADHAR09.pdf,FILES/SELFIE/USER_03.jpg
FILES/AADHAR/AADHAR09.pdf,FILES/SELFIE/USER_04.jpg
FILES/AADHAR/AADHAR09.pdf,FILES/SELFIE/USER_05.jpg
FILES/AADHAR/AADHAR09.pdf,FILES/SELFIE/USER_06.jpg
FILES/AADHAR/AADHAR09.pdf,FILES/SELFIE/USER_07.jpg
FILES/AADHAR/AADHAR09.pdf,FILES/SELFIE/USER_08.jpg
FILES/AADHAR/AADHAR09.pdf,FILES/SELFIE/USER_09.jpg
FILES/AADHAR/AADHAR09.pdf,FILES/SELFIE/USER_10.jpg
